"","exp","weibull","gamma","lnorm","gompertz","llogis","gengamma","FP1","FP2","RCS","RP-hazard","RP-odds","RP-normal","GAM","param-mix","mix-cure"
"1",69.7870108016842,25.0580961929652,38.0235967984192,6.90840047774781,12.279322732286,9.35140200551258,3.84750343283227,14.3784250421638,19.5380383365465,20.0380811208313,9.12629478462257,9.48935028363035,9.24664858496219,21.3584271415618,13.1412452109625,15.0615329640077
