"","exp","weibull","gamma","lnorm","gompertz","llogis","gengamma","FP1","FP2","RCS","RP-hazard","RP-odds","RP-normal","GAM","param-mix","mix-cure"
"1",98.7752923134776,104.368958142385,109.129671063801,30.3294501791318,38.1463773229037,28.0943861011163,29.9131692476095,103.726781942255,120.746639404551,18.5582356309093,38.803710223872,22.6770202519001,26.6002127968438,17.3655828187165,32.1978285820667,25.9136985941136
