"","exp","weibull","gamma","lnorm","gompertz","llogis","gengamma","FP1","FP2","RCS","RP-hazard","RP-odds","RP-normal","GAM","param-mix","mix-cure"
"1",7.36519695329998,7.58265591014805,7.76689105188928,3.95106918175508,4.5192361330213,3.84407667555722,3.91650918709774,7.55966327630551,9.10518329375722,2.77784631056144,4.50729019445313,3.2867392909251,3.62922202175745,2.53028741289714,4.13144903968863,3.49861989507837
