"","exp","weibull","gamma","lnorm","gompertz","llogis","gengamma","FP1","FP2","RCS","RP-hazard","RP-odds","RP-normal","GAM","param-mix","mix-cure"
"1",3.23975564009184,1.77201386559172,2.25642583004761,0.911805476245096,1.37952836337903,1.06704900494374,0.652560856432228,1.49967423658313,1.79011542708907,1.81556451467417,1.09756717574299,1.14254275925043,1.11355222404366,1.8809623606802,1.4326712231619,1.52810063756971
