"","exp","weibull","gamma","lnorm","gompertz","llogis","gengamma","FP1","FP2","RCS","RP-hazard","RP-odds","RP-normal","GAM","param-mix","mix-cure"
"1",-0.071969028565018,-0.075889093083256,-0.0796097625625989,-0.0119312293775847,-0.0245582646503794,-0.0177339709580369,-0.0110186287894943,-0.0758655357607014,0.109701003539244,0.0135145804349276,-0.0182553951537633,0.00454543661198535,-0.00320913061025232,0.0206505230091,-0.0209984361373563,0.00511130772043989
