"","exp","weibull","gamma","lnorm","gompertz","llogis","gengamma","FP1","FP2","RCS","RP-hazard","RP-odds","RP-normal","GAM","param-mix","mix-cure"
"1",-0.0790184302461424,-0.0425715661467538,-0.0550347763426246,-0.0170402487670671,0.033647033253147,-0.024762727439279,0.00914127366537599,0.0365774204044666,0.0436613518802212,0.0442820613335163,0.0267699311156826,0.0278668965670838,0.0271598103425283,0.0458771307482977,0.0349432005649244,0.0372707472577979
